{
  "HTTP Request-Employee - Customer Management" : {
    "transaction" : "HTTP Request-Employee - Customer Management",
    "sampleCount" : 20,
    "errorCount" : 0,
    "errorPct" : 0.0,
    "meanResTime" : 97.45,
    "medianResTime" : 96.5,
    "minResTime" : 83.0,
    "maxResTime" : 116.0,
    "pct1ResTime" : 107.7,
    "pct2ResTime" : 115.6,
    "pct3ResTime" : 116.0,
    "throughput" : 0.17628600641681064,
    "receivedKBytesPerSec" : 0.37653589183090647,
    "sentKBytesPerSec" : 0.024962373955505414
  },
  "HTTP Request-Employee - Employee - Visit Tracking" : {
    "transaction" : "HTTP Request-Employee - Employee - Visit Tracking",
    "sampleCount" : 20,
    "errorCount" : 0,
    "errorPct" : 0.0,
    "meanResTime" : 99.9,
    "medianResTime" : 98.0,
    "minResTime" : 93.0,
    "maxResTime" : 129.0,
    "pct1ResTime" : 105.9,
    "pct2ResTime" : 127.84999999999998,
    "pct3ResTime" : 129.0,
    "throughput" : 0.17631553428014776,
    "receivedKBytesPerSec" : 0.3765731340306612,
    "sentKBytesPerSec" : 0.024450005730254864
  },
  "Total" : {
    "transaction" : "Total",
    "sampleCount" : 120,
    "errorCount" : 0,
    "errorPct" : 0.0,
    "meanResTime" : 245.22500000000002,
    "medianResTime" : 104.5,
    "minResTime" : 83.0,
    "maxResTime" : 1067.0,
    "pct1ResTime" : 699.6,
    "pct2ResTime" : 764.3499999999999,
    "pct3ResTime" : 1049.3599999999992,
    "throughput" : 0.9639328460117278,
    "receivedKBytesPerSec" : 2.2079145413286207,
    "sentKBytesPerSec" : 0.5679422041931079
  },
  "HTTP Request-Employee Dashboard" : {
    "transaction" : "HTTP Request-Employee Dashboard",
    "sampleCount" : 20,
    "errorCount" : 0,
    "errorPct" : 0.0,
    "meanResTime" : 108.05000000000001,
    "medianResTime" : 104.0,
    "minResTime" : 90.0,
    "maxResTime" : 149.0,
    "pct1ResTime" : 121.0,
    "pct2ResTime" : 147.59999999999997,
    "pct3ResTime" : 149.0,
    "throughput" : 0.17629532993671,
    "receivedKBytesPerSec" : 0.3765558062866915,
    "sentKBytesPerSec" : 0.3921882437459232
  },
  "HTTP Request-Employee Login Page(GET)" : {
    "transaction" : "HTTP Request-Employee Login Page(GET)",
    "sampleCount" : 20,
    "errorCount" : 0,
    "errorPct" : 0.0,
    "meanResTime" : 311.15,
    "medianResTime" : 280.5,
    "minResTime" : 265.0,
    "maxResTime" : 850.0,
    "pct1ResTime" : 317.8,
    "pct2ResTime" : 823.4499999999996,
    "pct3ResTime" : 850.0,
    "throughput" : 0.17499190662431863,
    "receivedKBytesPerSec" : 0.37378032008207124,
    "sentKBytesPerSec" : 0.023924674733793564
  },
  "HTTP Request-Employee - Employee - Payment Log" : {
    "transaction" : "HTTP Request-Employee - Employee - Payment Log",
    "sampleCount" : 20,
    "errorCount" : 0,
    "errorPct" : 0.0,
    "meanResTime" : 100.8,
    "medianResTime" : 96.5,
    "minResTime" : 90.0,
    "maxResTime" : 140.0,
    "pct1ResTime" : 125.10000000000004,
    "pct2ResTime" : 139.35,
    "pct3ResTime" : 140.0,
    "throughput" : 0.17629843799583936,
    "receivedKBytesPerSec" : 0.37657966155107364,
    "sentKBytesPerSec" : 0.025308467173230844
  },
  "HTTP Request-Employee Login Page(POST)" : {
    "transaction" : "HTTP Request-Employee Login Page(POST)",
    "sampleCount" : 20,
    "errorCount" : 0,
    "errorPct" : 0.0,
    "meanResTime" : 754.0,
    "medianResTime" : 714.0,
    "minResTime" : 681.0,
    "maxResTime" : 1067.0,
    "pct1ResTime" : 969.8000000000003,
    "pct2ResTime" : 1062.8,
    "pct3ResTime" : 1067.0,
    "throughput" : 0.17512828146617396,
    "receivedKBytesPerSec" : 0.5365013857025271,
    "sentKBytesPerSec" : 0.1313462110996305
  }
}