{
  "HTTP Request-Admin Login Page(GET)" : {
    "transaction" : "HTTP Request-Admin Login Page(GET)",
    "sampleCount" : 10,
    "errorCount" : 0,
    "errorPct" : 0.0,
    "meanResTime" : 543.1,
    "medianResTime" : 451.5,
    "minResTime" : 421.0,
    "maxResTime" : 1383.0,
    "pct1ResTime" : 1292.6000000000004,
    "pct2ResTime" : 1383.0,
    "pct3ResTime" : 1383.0,
    "throughput" : 0.18366484838466765,
    "receivedKBytesPerSec" : 0.39261948546292724,
    "sentKBytesPerSec" : 0.02511042849009128
  },
  "HTTP Request-Admin Login Page(POST)" : {
    "transaction" : "HTTP Request-Admin Login Page(POST)",
    "sampleCount" : 10,
    "errorCount" : 0,
    "errorPct" : 0.0,
    "meanResTime" : 969.0,
    "medianResTime" : 1014.5,
    "minResTime" : 734.0,
    "maxResTime" : 1143.0,
    "pct1ResTime" : 1137.5,
    "pct2ResTime" : 1143.0,
    "pct3ResTime" : 1143.0,
    "throughput" : 0.18495228231116373,
    "receivedKBytesPerSec" : 0.5665608585484945,
    "sentKBytesPerSec" : 0.13871421173337278
  },
  "Total" : {
    "transaction" : "Total",
    "sampleCount" : 80,
    "errorCount" : 0,
    "errorPct" : 0.0,
    "meanResTime" : 327.2875,
    "medianResTime" : 180.5,
    "minResTime" : 152.0,
    "maxResTime" : 1383.0,
    "pct1ResTime" : 945.8000000000009,
    "pct2ResTime" : 1085.15,
    "pct3ResTime" : 1383.0,
    "throughput" : 1.0711081953165793,
    "receivedKBytesPerSec" : 2.413549853392066,
    "sentKBytesPerSec" : 1.914579749025961
  },
  "HTTP Request-Admin Dashboard" : {
    "transaction" : "HTTP Request-Admin Dashboard",
    "sampleCount" : 10,
    "errorCount" : 0,
    "errorPct" : 0.0,
    "meanResTime" : 195.9,
    "medianResTime" : 172.5,
    "minResTime" : 153.0,
    "maxResTime" : 369.0,
    "pct1ResTime" : 354.90000000000003,
    "pct2ResTime" : 369.0,
    "pct3ResTime" : 369.0,
    "throughput" : 0.18835938971557734,
    "receivedKBytesPerSec" : 0.4025998010453946,
    "sentKBytesPerSec" : 0.4190260642305519
  },
  "HTTP Request-System activity logs" : {
    "transaction" : "HTTP Request-System activity logs",
    "sampleCount" : 10,
    "errorCount" : 0,
    "errorPct" : 0.0,
    "meanResTime" : 176.60000000000002,
    "medianResTime" : 172.0,
    "minResTime" : 155.0,
    "maxResTime" : 220.0,
    "pct1ResTime" : 217.3,
    "pct2ResTime" : 220.0,
    "pct3ResTime" : 220.0,
    "throughput" : 0.18850852058513043,
    "receivedKBytesPerSec" : 0.4029737808211431,
    "sentKBytesPerSec" : 0.4210146353302669
  },
  "HTTP Request-Member administration" : {
    "transaction" : "HTTP Request-Member administration",
    "sampleCount" : 10,
    "errorCount" : 0,
    "errorPct" : 0.0,
    "meanResTime" : 173.9,
    "medianResTime" : 174.0,
    "minResTime" : 163.0,
    "maxResTime" : 186.0,
    "pct1ResTime" : 185.8,
    "pct2ResTime" : 186.0,
    "pct3ResTime" : 186.0,
    "throughput" : 0.18905736000302492,
    "receivedKBytesPerSec" : 0.40409164437365297,
    "sentKBytesPerSec" : 0.4248251810224222
  },
  "HTTP Request-Staff management" : {
    "transaction" : "HTTP Request-Staff management",
    "sampleCount" : 10,
    "errorCount" : 0,
    "errorPct" : 0.0,
    "meanResTime" : 199.2,
    "medianResTime" : 185.0,
    "minResTime" : 170.0,
    "maxResTime" : 292.0,
    "pct1ResTime" : 284.70000000000005,
    "pct2ResTime" : 292.0,
    "pct3ResTime" : 292.0,
    "throughput" : 0.18880749188127785,
    "receivedKBytesPerSec" : 0.4036128903594895,
    "sentKBytesPerSec" : 0.4218667396722302
  },
  "HTTP Request-Financial reporting" : {
    "transaction" : "HTTP Request-Financial reporting",
    "sampleCount" : 10,
    "errorCount" : 0,
    "errorPct" : 0.0,
    "meanResTime" : 180.3,
    "medianResTime" : 172.5,
    "minResTime" : 156.0,
    "maxResTime" : 266.0,
    "pct1ResTime" : 259.5,
    "pct2ResTime" : 266.0,
    "pct3ResTime" : 266.0,
    "throughput" : 0.18899304505594194,
    "receivedKBytesPerSec" : 0.4040095465111884,
    "sentKBytesPerSec" : 0.4230195891291201
  },
  "HTTP Request-Employee attendance" : {
    "transaction" : "HTTP Request-Employee attendance",
    "sampleCount" : 10,
    "errorCount" : 0,
    "errorPct" : 0.0,
    "meanResTime" : 180.29999999999998,
    "medianResTime" : 176.5,
    "minResTime" : 152.0,
    "maxResTime" : 249.0,
    "pct1ResTime" : 243.3,
    "pct2ResTime" : 249.0,
    "pct3ResTime" : 249.0,
    "throughput" : 0.18851918182675087,
    "receivedKBytesPerSec" : 0.40299657130738054,
    "sentKBytesPerSec" : 0.4214066476576491
  }
}