{
  "HTTP Request-Admin Login Page(GET)" : {
    "transaction" : "HTTP Request-Admin Login Page(GET)",
    "sampleCount" : 106,
    "errorCount" : 13,
    "errorPct" : 12.264151,
    "meanResTime" : 277.68867924528325,
    "medianResTime" : 288.5,
    "minResTime" : 0.0,
    "maxResTime" : 931.0,
    "pct1ResTime" : 365.3,
    "pct2ResTime" : 408.4999999999998,
    "pct3ResTime" : 914.6899999999982,
    "throughput" : 0.14008026863695291,
    "receivedKBytesPerSec" : 0.3034586384098775,
    "sentKBytesPerSec" : 0.016802818190347943
  },
  "HTTP Request-Admin Login Page(POST)" : {
    "transaction" : "HTTP Request-Admin Login Page(POST)",
    "sampleCount" : 106,
    "errorCount" : 4,
    "errorPct" : 3.7735848,
    "meanResTime" : 742.3207547169811,
    "medianResTime" : 734.5,
    "minResTime" : 0.0,
    "maxResTime" : 1130.0,
    "pct1ResTime" : 854.6999999999999,
    "pct2ResTime" : 1096.8,
    "pct3ResTime" : 1129.37,
    "throughput" : 0.13996226300493697,
    "receivedKBytesPerSec" : 0.42526251383117647,
    "sentKBytesPerSec" : 0.1010105011309215
  },
  "Total" : {
    "transaction" : "Total",
    "sampleCount" : 834,
    "errorCount" : 70,
    "errorPct" : 8.393286,
    "meanResTime" : 377.6366906474822,
    "medianResTime" : 109.0,
    "minResTime" : 0.0,
    "maxResTime" : 21481.0,
    "pct1ResTime" : 720.0,
    "pct2ResTime" : 750.0,
    "pct3ResTime" : 1126.85,
    "throughput" : 1.0745940959171867,
    "receivedKBytesPerSec" : 2.4372507693043617,
    "sentKBytesPerSec" : 1.7539060335752674
  },
  "HTTP Request-Admin Dashboard" : {
    "transaction" : "HTTP Request-Admin Dashboard",
    "sampleCount" : 106,
    "errorCount" : 13,
    "errorPct" : 12.264151,
    "meanResTime" : 284.16981132075466,
    "medianResTime" : 106.5,
    "minResTime" : 0.0,
    "maxResTime" : 19032.0,
    "pct1ResTime" : 154.89999999999998,
    "pct2ResTime" : 175.24999999999994,
    "pct3ResTime" : 17721.179999999862,
    "throughput" : 0.14012915677940893,
    "receivedKBytesPerSec" : 0.30220255190397183,
    "sentKBytesPerSec" : 0.2735012748778827
  },
  "HTTP Request-System activity logs" : {
    "transaction" : "HTTP Request-System activity logs",
    "sampleCount" : 101,
    "errorCount" : 5,
    "errorPct" : 4.9504952,
    "meanResTime" : 511.4356435643562,
    "medianResTime" : 107.0,
    "minResTime" : 0.0,
    "maxResTime" : 21480.0,
    "pct1ResTime" : 141.6,
    "pct2ResTime" : 209.49999999999977,
    "pct3ResTime" : 21431.56000000001,
    "throughput" : 0.13344995890798295,
    "receivedKBytesPerSec" : 0.28815534376246965,
    "sentKBytesPerSec" : 0.28329213120905666
  },
  "HTTP Request-Member administration" : {
    "transaction" : "HTTP Request-Member administration",
    "sampleCount" : 105,
    "errorCount" : 12,
    "errorPct" : 11.428572,
    "meanResTime" : 490.24761904761897,
    "medianResTime" : 106.0,
    "minResTime" : 0.0,
    "maxResTime" : 21481.0,
    "pct1ResTime" : 141.60000000000005,
    "pct2ResTime" : 259.3999999999995,
    "pct3ResTime" : 21336.939999999995,
    "throughput" : 0.13878736849896833,
    "receivedKBytesPerSec" : 0.30007217975806055,
    "sentKBytesPerSec" : 0.2762232640178547
  },
  "HTTP Request-Staff management" : {
    "transaction" : "HTTP Request-Staff management",
    "sampleCount" : 103,
    "errorCount" : 8,
    "errorPct" : 7.76699,
    "meanResTime" : 501.09708737864077,
    "medianResTime" : 108.0,
    "minResTime" : 0.0,
    "maxResTime" : 21456.0,
    "pct1ResTime" : 138.20000000000005,
    "pct2ResTime" : 246.79999999999973,
    "pct3ResTime" : 21359.159999999985,
    "throughput" : 0.13612922496213495,
    "receivedKBytesPerSec" : 0.29422560147971144,
    "sentKBytesPerSec" : 0.28053936910051624
  },
  "HTTP Request-Financial reporting" : {
    "transaction" : "HTTP Request-Financial reporting",
    "sampleCount" : 104,
    "errorCount" : 9,
    "errorPct" : 8.653846,
    "meanResTime" : 105.36538461538467,
    "medianResTime" : 105.0,
    "minResTime" : 0.0,
    "maxResTime" : 280.0,
    "pct1ResTime" : 137.5,
    "pct2ResTime" : 156.0,
    "pct3ResTime" : 279.15000000000003,
    "throughput" : 0.13744178547451777,
    "receivedKBytesPerSec" : 0.2948682281011625,
    "sentKBytesPerSec" : 0.28101125271579686
  },
  "HTTP Request-Employee attendance" : {
    "transaction" : "HTTP Request-Employee attendance",
    "sampleCount" : 103,
    "errorCount" : 6,
    "errorPct" : 5.8252425,
    "meanResTime" : 106.83495145631066,
    "medianResTime" : 105.0,
    "minResTime" : 0.0,
    "maxResTime" : 326.0,
    "pct1ResTime" : 136.60000000000002,
    "pct2ResTime" : 142.8,
    "pct3ResTime" : 324.9599999999998,
    "throughput" : 0.13611213525581814,
    "receivedKBytesPerSec" : 0.2912747041873643,
    "sentKBytesPerSec" : 0.2865346796045876
  }
}