{
  "HTTP Request-Admin Login Page(GET)" : {
    "transaction" : "HTTP Request-Admin Login Page(GET)",
    "sampleCount" : 50,
    "errorCount" : 0,
    "errorPct" : 0.0,
    "meanResTime" : 298.78000000000003,
    "medianResTime" : 282.5,
    "minResTime" : 252.0,
    "maxResTime" : 611.0,
    "pct1ResTime" : 340.9,
    "pct2ResTime" : 403.34999999999997,
    "pct3ResTime" : 611.0,
    "throughput" : 0.16990909863223178,
    "receivedKBytesPerSec" : 0.3630114529351797,
    "sentKBytesPerSec" : 0.02322975957862544
  },
  "HTTP Request-Admin Login Page(POST)" : {
    "transaction" : "HTTP Request-Admin Login Page(POST)",
    "sampleCount" : 50,
    "errorCount" : 0,
    "errorPct" : 0.0,
    "meanResTime" : 781.0400000000001,
    "medianResTime" : 734.0,
    "minResTime" : 676.0,
    "maxResTime" : 1412.0,
    "pct1ResTime" : 1068.1999999999996,
    "pct2ResTime" : 1159.0999999999997,
    "pct3ResTime" : 1412.0,
    "throughput" : 0.16987157708772166,
    "receivedKBytesPerSec" : 0.5203843238261875,
    "sentKBytesPerSec" : 0.12740368281579129
  },
  "Total" : {
    "transaction" : "Total",
    "sampleCount" : 400,
    "errorCount" : 0,
    "errorPct" : 0.0,
    "meanResTime" : 219.94000000000003,
    "medianResTime" : 110.0,
    "minResTime" : 86.0,
    "maxResTime" : 1412.0,
    "pct1ResTime" : 715.9000000000001,
    "pct2ResTime" : 740.95,
    "pct3ResTime" : 1104.88,
    "throughput" : 1.2755224061454669,
    "receivedKBytesPerSec" : 2.8731391323896593,
    "sentKBytesPerSec" : 2.2799651603012787
  },
  "HTTP Request-Admin Dashboard" : {
    "transaction" : "HTTP Request-Admin Dashboard",
    "sampleCount" : 50,
    "errorCount" : 0,
    "errorPct" : 0.0,
    "meanResTime" : 118.22,
    "medianResTime" : 107.0,
    "minResTime" : 90.0,
    "maxResTime" : 404.0,
    "pct1ResTime" : 142.2,
    "pct2ResTime" : 173.19999999999993,
    "pct3ResTime" : 404.0,
    "throughput" : 0.17062167714283766,
    "receivedKBytesPerSec" : 0.36455387443438914,
    "sentKBytesPerSec" : 0.37956658255017983
  },
  "HTTP Request-System activity logs" : {
    "transaction" : "HTTP Request-System activity logs",
    "sampleCount" : 50,
    "errorCount" : 0,
    "errorPct" : 0.0,
    "meanResTime" : 109.62,
    "medianResTime" : 104.0,
    "minResTime" : 90.0,
    "maxResTime" : 239.0,
    "pct1ResTime" : 126.8,
    "pct2ResTime" : 138.94999999999996,
    "pct3ResTime" : 239.0,
    "throughput" : 0.1706438049473052,
    "receivedKBytesPerSec" : 0.36461115182861903,
    "sentKBytesPerSec" : 0.3811156073383662
  },
  "HTTP Request-Member administration" : {
    "transaction" : "HTTP Request-Member administration",
    "sampleCount" : 50,
    "errorCount" : 0,
    "errorPct" : 0.0,
    "meanResTime" : 112.36000000000001,
    "medianResTime" : 105.5,
    "minResTime" : 87.0,
    "maxResTime" : 390.0,
    "pct1ResTime" : 120.8,
    "pct2ResTime" : 147.99999999999983,
    "pct3ResTime" : 390.0,
    "throughput" : 0.1706257528861346,
    "receivedKBytesPerSec" : 0.3645759128904344,
    "sentKBytesPerSec" : 0.38340806385839427
  },
  "HTTP Request-Staff management" : {
    "transaction" : "HTTP Request-Staff management",
    "sampleCount" : 50,
    "errorCount" : 0,
    "errorPct" : 0.0,
    "meanResTime" : 110.0,
    "medianResTime" : 107.0,
    "minResTime" : 86.0,
    "maxResTime" : 151.0,
    "pct1ResTime" : 132.0,
    "pct2ResTime" : 135.35,
    "pct3ResTime" : 151.0,
    "throughput" : 0.17063274032768314,
    "receivedKBytesPerSec" : 0.36461417164629883,
    "sentKBytesPerSec" : 0.381257529169667
  },
  "HTTP Request-Financial reporting" : {
    "transaction" : "HTTP Request-Financial reporting",
    "sampleCount" : 50,
    "errorCount" : 0,
    "errorPct" : 0.0,
    "meanResTime" : 120.18,
    "medianResTime" : 104.0,
    "minResTime" : 87.0,
    "maxResTime" : 403.0,
    "pct1ResTime" : 140.59999999999997,
    "pct2ResTime" : 295.9499999999996,
    "pct3ResTime" : 403.0,
    "throughput" : 0.1706257528861346,
    "receivedKBytesPerSec" : 0.3645759128904344,
    "sentKBytesPerSec" : 0.3819084234521685
  },
  "HTTP Request-Employee attendance" : {
    "transaction" : "HTTP Request-Employee attendance",
    "sampleCount" : 50,
    "errorCount" : 0,
    "errorPct" : 0.0,
    "meanResTime" : 109.32,
    "medianResTime" : 108.0,
    "minResTime" : 91.0,
    "maxResTime" : 138.0,
    "pct1ResTime" : 119.0,
    "pct2ResTime" : 131.45,
    "pct3ResTime" : 138.0,
    "throughput" : 0.17064147543445318,
    "receivedKBytesPerSec" : 0.36461284008846057,
    "sentKBytesPerSec" : 0.3814436887397103
  }
}