{
  "HTTP Request-Employee - Customer Management" : {
    "transaction" : "HTTP Request-Employee - Customer Management",
    "sampleCount" : 30,
    "errorCount" : 0,
    "errorPct" : 0.0,
    "meanResTime" : 99.26666666666667,
    "medianResTime" : 96.0,
    "minResTime" : 83.0,
    "maxResTime" : 136.0,
    "pct1ResTime" : 113.80000000000001,
    "pct2ResTime" : 129.95,
    "pct3ResTime" : 136.0,
    "throughput" : 0.10393749891731771,
    "receivedKBytesPerSec" : 0.22218670422852393,
    "sentKBytesPerSec" : 0.014717712249034247
  },
  "HTTP Request-Employee - Employee - Visit Tracking" : {
    "transaction" : "HTTP Request-Employee - Employee - Visit Tracking",
    "sampleCount" : 30,
    "errorCount" : 0,
    "errorPct" : 0.0,
    "meanResTime" : 101.43333333333332,
    "medianResTime" : 95.0,
    "minResTime" : 87.0,
    "maxResTime" : 164.0,
    "pct1ResTime" : 127.40000000000003,
    "pct2ResTime" : 144.74999999999997,
    "pct3ResTime" : 164.0,
    "throughput" : 0.10393605853678817,
    "receivedKBytesPerSec" : 0.22218362513381767,
    "sentKBytesPerSec" : 0.014413008117406171
  },
  "Total" : {
    "transaction" : "Total",
    "sampleCount" : 180,
    "errorCount" : 0,
    "errorPct" : 0.0,
    "meanResTime" : 242.17777777777775,
    "medianResTime" : 108.0,
    "minResTime" : 82.0,
    "maxResTime" : 1142.0,
    "pct1ResTime" : 689.7,
    "pct2ResTime" : 704.95,
    "pct3ResTime" : 1099.8799999999999,
    "throughput" : 0.5996621902994645,
    "receivedKBytesPerSec" : 1.3744145485543144,
    "sentKBytesPerSec" : 0.3533165899876403
  },
  "HTTP Request-Employee Dashboard" : {
    "transaction" : "HTTP Request-Employee Dashboard",
    "sampleCount" : 30,
    "errorCount" : 0,
    "errorPct" : 0.0,
    "meanResTime" : 114.96666666666667,
    "medianResTime" : 99.0,
    "minResTime" : 89.0,
    "maxResTime" : 474.0,
    "pct1ResTime" : 129.5,
    "pct2ResTime" : 285.3499999999998,
    "pct3ResTime" : 474.0,
    "throughput" : 0.10392849719393057,
    "receivedKBytesPerSec" : 0.22216746128663478,
    "sentKBytesPerSec" : 0.23120030918727913
  },
  "HTTP Request-Employee Login Page(GET)" : {
    "transaction" : "HTTP Request-Employee Login Page(GET)",
    "sampleCount" : 30,
    "errorCount" : 0,
    "errorPct" : 0.0,
    "meanResTime" : 316.33333333333326,
    "medianResTime" : 282.5,
    "minResTime" : 254.0,
    "maxResTime" : 1041.0,
    "pct1ResTime" : 398.9000000000002,
    "pct2ResTime" : 693.3999999999995,
    "pct3ResTime" : 1041.0,
    "throughput" : 0.1034225985272622,
    "receivedKBytesPerSec" : 0.2210860040782978,
    "sentKBytesPerSec" : 0.014139808392399129
  },
  "HTTP Request-Employee - Employee - Payment Log" : {
    "transaction" : "HTTP Request-Employee - Employee - Payment Log",
    "sampleCount" : 30,
    "errorCount" : 0,
    "errorPct" : 0.0,
    "meanResTime" : 101.8,
    "medianResTime" : 99.0,
    "minResTime" : 82.0,
    "maxResTime" : 139.0,
    "pct1ResTime" : 131.3,
    "pct2ResTime" : 137.9,
    "pct3ResTime" : 139.0,
    "throughput" : 0.10393461819618006,
    "receivedKBytesPerSec" : 0.22218054612445134,
    "sentKBytesPerSec" : 0.014920301635584443
  },
  "HTTP Request-Employee Login Page(POST)" : {
    "transaction" : "HTTP Request-Employee Login Page(POST)",
    "sampleCount" : 30,
    "errorCount" : 0,
    "errorPct" : 0.0,
    "meanResTime" : 719.2666666666669,
    "medianResTime" : 694.0,
    "minResTime" : 651.0,
    "maxResTime" : 1142.0,
    "pct1ResTime" : 736.5,
    "pct2ResTime" : 1113.3999999999999,
    "pct3ResTime" : 1142.0,
    "throughput" : 0.10355075540276065,
    "receivedKBytesPerSec" : 0.31721857061988934,
    "sentKBytesPerSec" : 0.07766306655207049
  }
}