{
  "HTTP Request-Booking Form Load" : {
    "transaction" : "HTTP Request-Booking Form Load",
    "sampleCount" : 70,
    "errorCount" : 0,
    "errorPct" : 0.0,
    "meanResTime" : 101.6285714285714,
    "medianResTime" : 95.0,
    "minResTime" : 80.0,
    "maxResTime" : 186.0,
    "pct1ResTime" : 125.8,
    "pct2ResTime" : 166.50000000000003,
    "pct3ResTime" : 186.0,
    "throughput" : 0.2378040494632423,
    "receivedKBytesPerSec" : 0.5083526018310912,
    "sentKBytesPerSec" : 0.03088665876817502
  },
  "HTTP Request-Login Page-GET" : {
    "transaction" : "HTTP Request-Login Page-GET",
    "sampleCount" : 70,
    "errorCount" : 0,
    "errorPct" : 0.0,
    "meanResTime" : 100.05714285714286,
    "medianResTime" : 96.0,
    "minResTime" : 81.0,
    "maxResTime" : 191.0,
    "pct1ResTime" : 114.0,
    "pct2ResTime" : 145.75000000000006,
    "pct3ResTime" : 191.0,
    "throughput" : 0.23738147881878977,
    "receivedKBytesPerSec" : 0.5074492745452449,
    "sentKBytesPerSec" : 0.03222268120684744
  },
  "HTTP Request-Tickets Page" : {
    "transaction" : "HTTP Request-Tickets Page",
    "sampleCount" : 70,
    "errorCount" : 0,
    "errorPct" : 0.0,
    "meanResTime" : 296.37142857142845,
    "medianResTime" : 278.0,
    "minResTime" : 254.0,
    "maxResTime" : 1041.0,
    "pct1ResTime" : 311.6,
    "pct2ResTime" : 379.1500000000004,
    "pct3ResTime" : 1041.0,
    "throughput" : 0.23662318433960158,
    "receivedKBytesPerSec" : 0.5058282719915898,
    "sentKBytesPerSec" : 0.03073328468473341
  },
  "Total" : {
    "transaction" : "Total",
    "sampleCount" : 420,
    "errorCount" : 0,
    "errorPct" : 0.0,
    "meanResTime" : 237.20714285714286,
    "medianResTime" : 109.0,
    "minResTime" : 80.0,
    "maxResTime" : 1110.0,
    "pct1ResTime" : 688.9000000000001,
    "pct2ResTime" : 709.95,
    "pct3ResTime" : 767.7000000000006,
    "throughput" : 1.3909080974033072,
    "receivedKBytesPerSec" : 3.2107894831617325,
    "sentKBytesPerSec" : 0.32622047011037847
  },
  "HTTP Request-After Logout - Tickets Page  " : {
    "transaction" : "HTTP Request-After Logout - Tickets Page  ",
    "sampleCount" : 70,
    "errorCount" : 0,
    "errorPct" : 0.0,
    "meanResTime" : 103.52857142857141,
    "medianResTime" : 94.0,
    "minResTime" : 80.0,
    "maxResTime" : 334.0,
    "pct1ResTime" : 118.9,
    "pct2ResTime" : 173.95000000000005,
    "pct3ResTime" : 334.0,
    "throughput" : 0.23780566521039007,
    "receivedKBytesPerSec" : 0.5083560558061951,
    "sentKBytesPerSec" : 0.030886868625958866
  },
  "HTTP Request-Submit Login-POST" : {
    "transaction" : "HTTP Request-Submit Login-POST",
    "sampleCount" : 70,
    "errorCount" : 0,
    "errorPct" : 0.0,
    "meanResTime" : 701.8999999999999,
    "medianResTime" : 691.5,
    "minResTime" : 656.0,
    "maxResTime" : 1110.0,
    "pct1ResTime" : 729.6,
    "pct2ResTime" : 757.5000000000001,
    "pct3ResTime" : 1110.0,
    "throughput" : 0.23698367182501126,
    "receivedKBytesPerSec" : 0.7493418413292752,
    "sentKBytesPerSec" : 0.17796918323577504
  },
  "HTTP Request-Customer Dashboard" : {
    "transaction" : "HTTP Request-Customer Dashboard",
    "sampleCount" : 70,
    "errorCount" : 0,
    "errorPct" : 0.0,
    "meanResTime" : 119.75714285714287,
    "medianResTime" : 109.0,
    "minResTime" : 90.0,
    "maxResTime" : 598.0,
    "pct1ResTime" : 137.6,
    "pct2ResTime" : 154.70000000000002,
    "pct3ResTime" : 598.0,
    "throughput" : 0.23778223902550044,
    "receivedKBytesPerSec" : 0.5083059777605669,
    "sentKBytesPerSec" : 0.031116035184977596
  }
}