{
  "Total" : {
    "transaction" : "Total",
    "sampleCount" : 300,
    "errorCount" : 0,
    "errorPct" : 0.0,
    "meanResTime" : 404.6933333333333,
    "medianResTime" : 298.5,
    "minResTime" : 91.0,
    "maxResTime" : 1223.0,
    "pct1ResTime" : 774.9000000000001,
    "pct2ResTime" : 922.3499999999995,
    "pct3ResTime" : 1118.4300000000005,
    "throughput" : 0.5040093947351179,
    "receivedKBytesPerSec" : 1.2329132940038003,
    "sentKBytesPerSec" : 0.5227128683678663
  },
  "HTTP Request-Employee Dashboard" : {
    "transaction" : "HTTP Request-Employee Dashboard",
    "sampleCount" : 100,
    "errorCount" : 0,
    "errorPct" : 0.0,
    "meanResTime" : 114.13000000000001,
    "medianResTime" : 109.0,
    "minResTime" : 91.0,
    "maxResTime" : 233.0,
    "pct1ResTime" : 133.70000000000002,
    "pct2ResTime" : 147.95,
    "pct3ResTime" : 232.48999999999972,
    "throughput" : 0.16857124073490318,
    "receivedKBytesPerSec" : 0.3603457201236976,
    "sentKBytesPerSec" : 0.3750051624942475
  },
  "HTTP Request-Employee Login Page(GET)" : {
    "transaction" : "HTTP Request-Employee Login Page(GET)",
    "sampleCount" : 100,
    "errorCount" : 0,
    "errorPct" : 0.0,
    "meanResTime" : 324.2199999999999,
    "medianResTime" : 298.5,
    "minResTime" : 262.0,
    "maxResTime" : 775.0,
    "pct1ResTime" : 378.9000000000001,
    "pct2ResTime" : 489.4499999999999,
    "pct3ResTime" : 773.9699999999995,
    "throughput" : 0.16827254768002636,
    "receivedKBytesPerSec" : 0.3597088632516314,
    "sentKBytesPerSec" : 0.023006012378128608
  },
  "HTTP Request-Employee Login Page(POST)" : {
    "transaction" : "HTTP Request-Employee Login Page(POST)",
    "sampleCount" : 100,
    "errorCount" : 0,
    "errorPct" : 0.0,
    "meanResTime" : 775.73,
    "medianResTime" : 727.0,
    "minResTime" : 664.0,
    "maxResTime" : 1223.0,
    "pct1ResTime" : 1012.6,
    "pct2ResTime" : 1050.0499999999997,
    "pct3ResTime" : 1222.2699999999995,
    "throughput" : 0.16825754172366392,
    "receivedKBytesPerSec" : 0.5154283884334718,
    "sentKBytesPerSec" : 0.12619315629274794
  }
}