{
  "HTTP Request-Employee - Customer Management" : {
    "transaction" : "HTTP Request-Employee - Customer Management",
    "sampleCount" : 50,
    "errorCount" : 0,
    "errorPct" : 0.0,
    "meanResTime" : 106.91999999999997,
    "medianResTime" : 103.0,
    "minResTime" : 88.0,
    "maxResTime" : 202.0,
    "pct1ResTime" : 121.9,
    "pct2ResTime" : 134.94999999999996,
    "pct3ResTime" : 202.0,
    "throughput" : 0.17019190839590723,
    "receivedKBytesPerSec" : 0.3635458718250699,
    "sentKBytesPerSec" : 0.02409944015371733
  },
  "HTTP Request-Employee - Employee - Visit Tracking" : {
    "transaction" : "HTTP Request-Employee - Employee - Visit Tracking",
    "sampleCount" : 50,
    "errorCount" : 0,
    "errorPct" : 0.0,
    "meanResTime" : 106.39999999999999,
    "medianResTime" : 105.0,
    "minResTime" : 82.0,
    "maxResTime" : 169.0,
    "pct1ResTime" : 121.29999999999998,
    "pct2ResTime" : 126.89999999999999,
    "pct3ResTime" : 169.0,
    "throughput" : 0.17020349529897946,
    "receivedKBytesPerSec" : 0.3635440282401639,
    "sentKBytesPerSec" : 0.023602437824663165
  },
  "Total" : {
    "transaction" : "Total",
    "sampleCount" : 300,
    "errorCount" : 0,
    "errorPct" : 0.0,
    "meanResTime" : 240.85999999999993,
    "medianResTime" : 108.0,
    "minResTime" : 81.0,
    "maxResTime" : 1028.0,
    "pct1ResTime" : 699.9000000000001,
    "pct2ResTime" : 733.3499999999999,
    "pct3ResTime" : 939.1400000000008,
    "throughput" : 0.985072862556067,
    "receivedKBytesPerSec" : 2.2563523603577127,
    "sentKBytesPerSec" : 0.5803977477950786
  },
  "HTTP Request-Employee Dashboard" : {
    "transaction" : "HTTP Request-Employee Dashboard",
    "sampleCount" : 50,
    "errorCount" : 0,
    "errorPct" : 0.0,
    "meanResTime" : 102.9,
    "medianResTime" : 100.5,
    "minResTime" : 88.0,
    "maxResTime" : 127.0,
    "pct1ResTime" : 118.9,
    "pct2ResTime" : 125.89999999999999,
    "pct3ResTime" : 127.0,
    "throughput" : 0.17025159781124544,
    "receivedKBytesPerSec" : 0.36363014606735833,
    "sentKBytesPerSec" : 0.37874330059962613
  },
  "HTTP Request-Employee Login Page(GET)" : {
    "transaction" : "HTTP Request-Employee Login Page(GET)",
    "sampleCount" : 50,
    "errorCount" : 0,
    "errorPct" : 0.0,
    "meanResTime" : 297.41999999999996,
    "medianResTime" : 287.0,
    "minResTime" : 268.0,
    "maxResTime" : 503.0,
    "pct1ResTime" : 323.9,
    "pct2ResTime" : 381.2499999999995,
    "pct3ResTime" : 503.0,
    "throughput" : 0.16988946991087597,
    "receivedKBytesPerSec" : 0.36287328963776166,
    "sentKBytesPerSec" : 0.023227075964377574
  },
  "HTTP Request-Employee - Employee - Payment Log" : {
    "transaction" : "HTTP Request-Employee - Employee - Payment Log",
    "sampleCount" : 50,
    "errorCount" : 0,
    "errorPct" : 0.0,
    "meanResTime" : 103.87999999999997,
    "medianResTime" : 103.5,
    "minResTime" : 81.0,
    "maxResTime" : 134.0,
    "pct1ResTime" : 117.9,
    "pct2ResTime" : 124.89999999999999,
    "pct3ResTime" : 134.0,
    "throughput" : 0.17020813050197783,
    "receivedKBytesPerSec" : 0.36356722625426374,
    "sentKBytesPerSec" : 0.024434174984170644
  },
  "HTTP Request-Employee Login Page(POST)" : {
    "transaction" : "HTTP Request-Employee Login Page(POST)",
    "sampleCount" : 50,
    "errorCount" : 0,
    "errorPct" : 0.0,
    "meanResTime" : 727.6399999999998,
    "medianResTime" : 703.5,
    "minResTime" : 660.0,
    "maxResTime" : 1028.0,
    "pct1ResTime" : 785.3,
    "pct2ResTime" : 975.5499999999996,
    "pct3ResTime" : 1028.0,
    "throughput" : 0.1697666048716225,
    "receivedKBytesPerSec" : 0.5200693836114111,
    "sentKBytesPerSec" : 0.12732495365371688
  }
}