{
  "HTTP Request-Admin Login Page(GET)" : {
    "transaction" : "HTTP Request-Admin Login Page(GET)",
    "sampleCount" : 20,
    "errorCount" : 0,
    "errorPct" : 0.0,
    "meanResTime" : 296.8500000000001,
    "medianResTime" : 286.0,
    "minResTime" : 256.0,
    "maxResTime" : 385.0,
    "pct1ResTime" : 357.1,
    "pct2ResTime" : 383.65,
    "pct3ResTime" : 385.0,
    "throughput" : 0.17484962931878584,
    "receivedKBytesPerSec" : 0.3735703310777731,
    "sentKBytesPerSec" : 0.02390522275842775
  },
  "HTTP Request-Admin Login Page(POST)" : {
    "transaction" : "HTTP Request-Admin Login Page(POST)",
    "sampleCount" : 20,
    "errorCount" : 0,
    "errorPct" : 0.0,
    "meanResTime" : 760.0999999999999,
    "medianResTime" : 743.5,
    "minResTime" : 687.0,
    "maxResTime" : 1117.0,
    "pct1ResTime" : 786.5,
    "pct2ResTime" : 1100.4999999999998,
    "pct3ResTime" : 1117.0,
    "throughput" : 0.17420844039893735,
    "receivedKBytesPerSec" : 0.5336494490658072,
    "sentKBytesPerSec" : 0.13065633029920298
  },
  "Total" : {
    "transaction" : "Total",
    "sampleCount" : 160,
    "errorCount" : 0,
    "errorPct" : 0.0,
    "meanResTime" : 213.56250000000006,
    "medianResTime" : 110.0,
    "minResTime" : 90.0,
    "maxResTime" : 1117.0,
    "pct1ResTime" : 717.0,
    "pct2ResTime" : 755.55,
    "pct3ResTime" : 915.6999999999955,
    "throughput" : 1.1954929914223378,
    "receivedKBytesPerSec" : 2.6925663101669204,
    "sentKBytesPerSec" : 2.1369145353268175
  },
  "HTTP Request-Admin Dashboard" : {
    "transaction" : "HTTP Request-Admin Dashboard",
    "sampleCount" : 20,
    "errorCount" : 0,
    "errorPct" : 0.0,
    "meanResTime" : 109.89999999999999,
    "medianResTime" : 104.0,
    "minResTime" : 90.0,
    "maxResTime" : 174.0,
    "pct1ResTime" : 150.50000000000009,
    "pct2ResTime" : 173.0,
    "pct3ResTime" : 174.0,
    "throughput" : 0.17515588874097945,
    "receivedKBytesPerSec" : 0.3741904513767253,
    "sentKBytesPerSec" : 0.3896534321796399
  },
  "HTTP Request-System activity logs" : {
    "transaction" : "HTTP Request-System activity logs",
    "sampleCount" : 20,
    "errorCount" : 0,
    "errorPct" : 0.0,
    "meanResTime" : 105.95,
    "medianResTime" : 102.5,
    "minResTime" : 91.0,
    "maxResTime" : 141.0,
    "pct1ResTime" : 127.50000000000003,
    "pct2ResTime" : 140.39999999999998,
    "pct3ResTime" : 141.0,
    "throughput" : 0.17511601435951318,
    "receivedKBytesPerSec" : 0.3741309183740478,
    "sentKBytesPerSec" : 0.3911038328517643
  },
  "HTTP Request-Member administration" : {
    "transaction" : "HTTP Request-Member administration",
    "sampleCount" : 20,
    "errorCount" : 0,
    "errorPct" : 0.0,
    "meanResTime" : 106.94999999999999,
    "medianResTime" : 107.0,
    "minResTime" : 93.0,
    "maxResTime" : 126.0,
    "pct1ResTime" : 122.10000000000002,
    "pct2ResTime" : 125.85,
    "pct3ResTime" : 126.0,
    "throughput" : 0.17517736708417272,
    "receivedKBytesPerSec" : 0.37427910407725323,
    "sentKBytesPerSec" : 0.39363586099675923
  },
  "HTTP Request-Staff management" : {
    "transaction" : "HTTP Request-Staff management",
    "sampleCount" : 20,
    "errorCount" : 0,
    "errorPct" : 0.0,
    "meanResTime" : 108.20000000000002,
    "medianResTime" : 107.0,
    "minResTime" : 92.0,
    "maxResTime" : 128.0,
    "pct1ResTime" : 117.80000000000001,
    "pct2ResTime" : 127.5,
    "pct3ResTime" : 128.0,
    "throughput" : 0.17516202487300755,
    "receivedKBytesPerSec" : 0.374220665834647,
    "sentKBytesPerSec" : 0.3913776493256262
  },
  "HTTP Request-Financial reporting" : {
    "transaction" : "HTTP Request-Financial reporting",
    "sampleCount" : 20,
    "errorCount" : 0,
    "errorPct" : 0.0,
    "meanResTime" : 113.3,
    "medianResTime" : 106.5,
    "minResTime" : 96.0,
    "maxResTime" : 155.0,
    "pct1ResTime" : 142.10000000000002,
    "pct2ResTime" : 154.39999999999998,
    "pct3ResTime" : 155.0,
    "throughput" : 0.17515895675325358,
    "receivedKBytesPerSec" : 0.3742055583410695,
    "sentKBytesPerSec" : 0.39205500867036835
  },
  "HTTP Request-Employee attendance" : {
    "transaction" : "HTTP Request-Employee attendance",
    "sampleCount" : 20,
    "errorCount" : 0,
    "errorPct" : 0.0,
    "meanResTime" : 107.25,
    "medianResTime" : 105.0,
    "minResTime" : 90.0,
    "maxResTime" : 152.0,
    "pct1ResTime" : 125.20000000000002,
    "pct2ResTime" : 150.7,
    "pct3ResTime" : 152.0,
    "throughput" : 0.17513288207427385,
    "receivedKBytesPerSec" : 0.37410709594654945,
    "sentKBytesPerSec" : 0.3914835615898563
  }
}