{
  "HTTP Request-Admin Login Page(GET)" : {
    "transaction" : "HTTP Request-Admin Login Page(GET)",
    "sampleCount" : 15058,
    "errorCount" : 52,
    "errorPct" : 0.34533137,
    "meanResTime" : 260.25992827732784,
    "medianResTime" : 154.0,
    "minResTime" : 0.0,
    "maxResTime" : 18997.0,
    "pct1ResTime" : 519.0,
    "pct2ResTime" : 668.0499999999993,
    "pct3ResTime" : 1424.4599999999991,
    "throughput" : 2.092765172651737,
    "receivedKBytesPerSec" : 4.47617517931063,
    "sentKBytesPerSec" : 0.2851321754653929
  },
  "HTTP Request-Login Page-GET" : {
    "transaction" : "HTTP Request-Login Page-GET",
    "sampleCount" : 38413,
    "errorCount" : 236,
    "errorPct" : 0.61437535,
    "meanResTime" : 300.4253507926995,
    "medianResTime" : 153.0,
    "minResTime" : 0.0,
    "maxResTime" : 17671.0,
    "pct1ResTime" : 573.0,
    "pct2ResTime" : 850.9000000000015,
    "pct3ResTime" : 1810.0,
    "throughput" : 5.340868453880247,
    "receivedKBytesPerSec" : 11.424572650924409,
    "sentKBytesPerSec" : 0.7205270615570788
  },
  "HTTP Request-Tickets Page" : {
    "transaction" : "HTTP Request-Tickets Page",
    "sampleCount" : 38436,
    "errorCount" : 137,
    "errorPct" : 0.35643667,
    "meanResTime" : 253.93649183057474,
    "medianResTime" : 143.0,
    "minResTime" : 0.0,
    "maxResTime" : 17390.0,
    "pct1ResTime" : 518.0,
    "pct2ResTime" : 719.0,
    "pct3ResTime" : 1569.9900000000016,
    "throughput" : 5.340594926935031,
    "receivedKBytesPerSec" : 11.422840049513676,
    "sentKBytesPerSec" : 0.6911790612354454
  },
  "HTTP Request-Admin Login Page(POST)" : {
    "transaction" : "HTTP Request-Admin Login Page(POST)",
    "sampleCount" : 15048,
    "errorCount" : 13900,
    "errorPct" : 92.37108,
    "meanResTime" : 486.60725677830885,
    "medianResTime" : 391.0,
    "minResTime" : 0.0,
    "maxResTime" : 9741.0,
    "pct1ResTime" : 684.0,
    "pct2ResTime" : 834.0,
    "pct3ResTime" : 1243.0200000000004,
    "throughput" : 2.0925220703509035,
    "receivedKBytesPerSec" : 2.319574024211056,
    "sentKBytesPerSec" : 1.565219858045572
  },
  "Total" : {
    "transaction" : "Total",
    "sampleCount" : 228795,
    "errorCount" : 50611,
    "errorPct" : 22.120676,
    "meanResTime" : 334.4078804169597,
    "medianResTime" : 124.0,
    "minResTime" : 0.0,
    "maxResTime" : 19441.0,
    "pct1ResTime" : 490.90000000000146,
    "pct2ResTime" : 648.0,
    "pct3ResTime" : 1035.9900000000016,
    "throughput" : 31.7890527947398,
    "receivedKBytesPerSec" : 60.24597950505218,
    "sentKBytesPerSec" : 21.89786931514248
  },
  "HTTP Request-Admin Dashboard" : {
    "transaction" : "HTTP Request-Admin Dashboard",
    "sampleCount" : 15034,
    "errorCount" : 81,
    "errorPct" : 0.5387788,
    "meanResTime" : 371.9930158307831,
    "medianResTime" : 227.0,
    "minResTime" : 0.0,
    "maxResTime" : 7496.0,
    "pct1ResTime" : 724.0,
    "pct2ResTime" : 1136.25,
    "pct3ResTime" : 2215.999999999978,
    "throughput" : 2.0917803772523267,
    "receivedKBytesPerSec" : 4.474450648074161,
    "sentKBytesPerSec" : 4.628322737526782
  },
  "HTTP Request-Submit Login-POST" : {
    "transaction" : "HTTP Request-Submit Login-POST",
    "sampleCount" : 38400,
    "errorCount" : 35905,
    "errorPct" : 93.5026,
    "meanResTime" : 458.1376822916634,
    "medianResTime" : 382.0,
    "minResTime" : 0.0,
    "maxResTime" : 13212.0,
    "pct1ResTime" : 688.0,
    "pct2ResTime" : 835.0,
    "pct3ResTime" : 1295.0,
    "throughput" : 5.33995784770774,
    "receivedKBytesPerSec" : 5.82175427340904,
    "sentKBytesPerSec" : 4.001410912641905
  },
  "HTTP Request-Member administration" : {
    "transaction" : "HTTP Request-Member administration",
    "sampleCount" : 15026,
    "errorCount" : 65,
    "errorPct" : 0.4325835,
    "meanResTime" : 266.7029814987359,
    "medianResTime" : 162.0,
    "minResTime" : 0.0,
    "maxResTime" : 11728.0,
    "pct1ResTime" : 520.0,
    "pct2ResTime" : 673.0,
    "pct3ResTime" : 1409.9199999999983,
    "throughput" : 2.0917982880553527,
    "receivedKBytesPerSec" : 4.4741473483157375,
    "sentKBytesPerSec" : 4.680084599822464
  },
  "HTTP Request-Financial reporting" : {
    "transaction" : "HTTP Request-Financial reporting",
    "sampleCount" : 15021,
    "errorCount" : 60,
    "errorPct" : 0.3994408,
    "meanResTime" : 284.8207842354056,
    "medianResTime" : 166.0,
    "minResTime" : 0.0,
    "maxResTime" : 19441.0,
    "pct1ResTime" : 539.0,
    "pct2ResTime" : 757.0,
    "pct3ResTime" : 1529.7800000000007,
    "throughput" : 2.0923780522204405,
    "receivedKBytesPerSec" : 4.4755898444775,
    "sentKBytesPerSec" : 4.664623429932917
  },
  "HTTP Request-Customer Dashboard" : {
    "transaction" : "HTTP Request-Customer Dashboard",
    "sampleCount" : 38359,
    "errorCount" : 175,
    "errorPct" : 0.45621628,
    "meanResTime" : 325.8178523944843,
    "medianResTime" : 182.0,
    "minResTime" : 0.0,
    "maxResTime" : 12374.0,
    "pct1ResTime" : 594.0,
    "pct2ResTime" : 909.0,
    "pct3ResTime" : 2003.8600000000224,
    "throughput" : 5.341064247326126,
    "receivedKBytesPerSec" : 11.424420081155034,
    "sentKBytesPerSec" : 0.6957397044682593
  }
}